Catégorie,Image,Nom Produit,Description,Prix Pro,Prix Boutique
Bloc-Notes A6,https://cdn.shopify.com/s/files/1/0888/4853/1787/files/bloc-notes-mignon-a6-90swavywaters2.jpg?v=1750361599,Bloc-Notes Thème Summer Wavy Waters,"- Format 10x15 cm (A6)
- 25 feuilles encollées par le haut
- Papier mat 80g/m²","2,95 €","5,90 €"
Bloc-Notes A6,https://cdn.shopify.com/s/files/1/0888/4853/1787/files/bloc-notes-mignon-a6-90spoolside2.jpg?v=1750361664,Bloc-Notes Thème Summer PoolSide,"- Format 10x15 cm (A6)
- 25 feuilles encollées par le haut
- Papier mat 80g/m²","2,95 €","5,90 €"
Bloc-Notes A6,https://cdn.shopify.com/s/files/1/0888/4853/1787/files/il_fullxfull.5848109899_cyna.jpg?v=1733517004,Bloc-Notes Thème 90's,"- Format 10x15 cm (A6)
- 25 feuilles encollées par le haut
- Papier mat 80g/m²","2,95 €","5,90 €"
Bloc-Notes A6,https://cdn.shopify.com/s/files/1/0888/4853/1787/files/il_fullxfull.5880455156_ih7a.jpg?v=1733516935,Bloc-Notes Motif Vichy,"- Format 10x15 cm (A6)
- 25 feuilles encollées par le haut
- Papier mat 80g/m²","2,95 €","5,90 €"
Bloc-Notes A6,https://cdn.shopify.com/s/files/1/0888/4853/1787/files/il_fullxfull.5848139745_m52e.jpg?v=1733516913,"Bloc-Notes ""Retro Dream Sky""","- Format 10x15 cm (A6)
- 25 feuilles encollées par le haut
- Papier mat 80g/m²","2,95 €","5,90 €"
Bloc-Notes A6,https://cdn.shopify.com/s/files/1/0888/4853/1787/files/il_fullxfull.5800080416_26l6.jpg?v=1733516906,"Bloc-Notes  ""Dreamy Clouds""","- Format 10x15 cm (A6)
- 25 feuilles encollées par le haut
- Papier mat 80g/m²","2,95 €","5,90 €"
Bloc-Notes A6,https://cdn.shopify.com/s/files/1/0888/4853/1787/files/il_fullxfull.5800101508_rw24.jpg?v=1733516895,"Bloc-Notes  Thème Printemps ""Froggy Frog""","- Format 10x15 cm (A6)
- 25 feuilles encollées par le haut
- Papier mat 80g/m²","2,95 €","5,90 €"
Bloc-Notes Forme,https://cdn.shopify.com/s/files/1/0888/4853/1787/files/bloc-notes-mignon-forme-nuage4.jpg?v=1750361248,"Bloc-Notes Forme Nuage ""Dreamy Sky""","- Format 5x9 cm 
- 25 feuilles encollées par le bas
- Papier mat 80g/m²","4,00 €","8,00 €"
Bloc-Notes Forme,https://cdn.shopify.com/s/files/1/0888/4853/1787/files/bloc-notes-mignon-forme-tulipe2.jpg?v=1750361455,Bloc-Notes Forme Tulipe,"- Format 8x10 cm 
- 25 feuilles encollées par le haut
- Papier mat 80g/m²","4,50 €","9,00 €"
Bloc-Notes Forme,https://cdn.shopify.com/s/files/1/0888/4853/1787/files/bloc-notes-mignon-forme-piscine2.jpg?v=1750361515,Bloc-Notes Forme Summer Pool,"- Format 8x10 cm 
- 25 feuilles encollées par le haut
- Papier mat 80g/m²","4,00 €","8,00 €"
Bloc-notes To-Do List,https://cdn.shopify.com/s/files/1/0888/4853/1787/files/blocnotes-todo-activites-creatives-audecreativestuff_05.jpg?v=1757061936,Bloc-notes To-do List Thème Activités Créatives,"- Format 8x17 cm 
- 25 feuilles encollées par le bas
- Papier mat 80g/m²","3,95 €","7,90 €"
Bloc-notes To-Do List,https://cdn.shopify.com/s/files/1/0888/4853/1787/files/bloc-notes-to-do-list-90spoolside2.jpg?v=1750361146,Bloc-notes To-do List 90s Pool Side,"- Format 8x17 cm 
- 25 feuilles encollées par le bas
- Papier mat 80g/m²","3,95 €","7,90 €"
Bloc-notes To-Do List,https://cdn.shopify.com/s/files/1/0888/4853/1787/files/bloc-notes-original-to-do-list-mignon-grenouille_01.jpg?v=1744319386,Bloc-notes To-do List Grenouille,"- Format 8x17 cm 
- 25 feuilles encollées par le bas
- Papier mat 80g/m²","3,95 €","7,90 €"
Bloc-notes To-Do List,https://cdn.shopify.com/s/files/1/0888/4853/1787/files/bloc-notes-original-to-do-list-mignon-fleuri_01_b90d1595-1f71-410b-a16a-ffd1577366c7.jpg?v=1744319117,Bloc-notes To-do List Thème Fleuri,"- Format 8x17 cm 
- 25 feuilles encollées par le bas
- Papier mat 80g/m²","3,95 €","7,90 €"
Etiquettes Cadeau,https://cdn.shopify.com/s/files/1/0888/4853/1787/files/il_fullxfull.5552244048_ej1j.jpg?v=1733516878,Lot 9 Etiquettes de Noël pour Paquets Cadeaux,"- Lot de 9 étiquettes à accrocher
- Format par étiquette 3x5 cm 
- Papier premium mat 180g/m²","2,45 €","4,90 €"
Lot Stickers,https://cdn.shopify.com/s/files/1/0888/4853/1787/files/audecreativstuff_lot_stickers_mignon_celeste_aesthetic_journaling_decoration_papeterie_01.jpg?v=1737059565,Lot de 6 Stickers Kawaii Thème Rêverie,"- Lot de 6 Stickers
- Format par sticker 5x6 cm environ
- Papier autocollant premium vinyl brillant (waterproof)","2,45 €","4,90 €"
Lot Stickers,https://cdn.shopify.com/s/files/1/0888/4853/1787/files/audecreativstuff_lot_stickers_mignon_vintage_annees90_journaling_decoration_papeterie_01.jpg?v=1737058833,Lot de 16 Stickers Rigolos Thème Années 90,"- Lot de 16 Stickers
- Format par sticker 4x5 cm environ
- Papier autocollant premium vinyl brillant (waterproof)","3,95 €","7,90 €"
Lot Stickers,https://cdn.shopify.com/s/files/1/0888/4853/1787/files/audecreativestuff_stickers_noel_decoration_journaling_01.jpg?v=1737058024,Lot 7 Stickers de Noël,"- Lot de 7 Stickers
- Format par sticker 4x5 cm environ
- Papier autocollant premium vinyl mat","2,45 €","4,90 €"
Planner Hebdomadaire,https://cdn.shopify.com/s/files/1/0888/4853/1787/files/planner-hebdomadaire-a5-90swavywaters2.jpg?v=1750360685,Planner Hebdomadaire 90s Wavy Waters,"- Format 21x15cm (A5 portrait)
- 25 feuilles encollées par le haut
- Papier mat 80g/m²","6,45 €","12,90 €"
Planner Hebdomadaire,https://cdn.shopify.com/s/files/1/0888/4853/1787/files/planner-hebdomadaire-a5-90spoolside4.jpg?v=1750360852,Planner Hebdomadaire 90s Pool Side,"- Format 21x15cm (A5 portrait)
- 25 feuilles encollées par le haut
- Papier mat 80g/m²","6,45 €","12,90 €"
Planner Hebdomadaire,https://cdn.shopify.com/s/files/1/0888/4853/1787/files/planner-hebdomadaire-motif-vichy-a5-01.jpg?v=1746474935,Planner Hebdomadaire Motif Vichy,"- Format 15x21cm (A5 paysage)
- 25 feuilles encollées par le haut
- Papier mat 80g/m²","6,45 €","12,90 €"
Planner Hebdomadaire,https://cdn.shopify.com/s/files/1/0888/4853/1787/files/planner-hebdomadaire-illustre-mignon-grenouille-a5-25feuilles-01.jpg?v=1744294417,Planner Hebdomadaire Grenouille,"- Format 15x21cm (A5 paysage)
- 25 feuilles encollées par le haut
- Papier mat 80g/m²","6,45 €","12,90 €"
Planner Hebdomadaire,https://cdn.shopify.com/s/files/1/0888/4853/1787/files/planner-hebdomadaire-illustre-mignon-fleuri-a5-25feuilles-01.jpg?v=1744294103,Planner Hebdomadaire Fleuri,"- Format 15x21cm (A5 paysage)
- 25 feuilles encollées par le haut
- Papier mat 80g/m²","6,45 €","12,90 €"
Planner Journalier,https://cdn.shopify.com/s/files/1/0888/4853/1787/files/planner-journalier-activites-creatives-audecreativestuff_05_04157e74-ab44-48b9-a560-559d850edec2.jpg?v=1757085659,Planner Journalier Thème Activités Créatives,"- Format 21x15cm (A5 portrait)
- 25 feuilles encollées par le haut
- Papier mat 80g/m²","6,45 €","12,90 €"
Sticker Citation Holographique,https://cdn.shopify.com/s/files/1/0888/4853/1787/files/sticker-citation-rigolote-tchaolesmorues-holographique-xxl-audecreativestuff_01.jpg?v=1757064354,"Sticker ""Tchao Les Morues"" Holographique XXL","- Format 10x25 cm
- Papier autocollant premium holographique brillant
","4,50 €","9,00 €"
Sticker Citation Holographique,https://cdn.shopify.com/s/files/1/0888/4853/1787/files/sticker-citation-rigolote-ohputain-holographique-xxl-audecreativestuff_01.jpg?v=1757064404,"Sticker ""Oh Putain"" Holographique XXL","- Format 7x23 cm
- Papier autocollant premium holographique brillant
","4,50 €","9,00 €"
Sticker Citation Holographique,https://cdn.shopify.com/s/files/1/0888/4853/1787/files/sticker-citation-rigolote-salutlesmoches-holographique-xxl-audecreativestuff_01.jpg?v=1757064386,"Sticker ""Salut les Moches"" Holographique XXL","- Format 7,5x24 cm
- Papier autocollant premium holographique brillant
","4,50 €","9,00 €"
Sticker Citation Holographique,https://cdn.shopify.com/s/files/1/0888/4853/1787/files/sticker-citation-rigolote-tchaolesmorues-holographique_01.jpg?v=1757062708,"Sticker ""Tchao les Morues"" Holographique","- Format 3x7 cm
- Papier autocollant premium holographique brillant
","1,35 €","2,70 €"
Sticker Citation Holographique,https://cdn.shopify.com/s/files/1/0888/4853/1787/files/il_fullxfull.4818395843_g3x8.jpg?v=1733516889,"Sticker ""Salut les moches"" Holographique","- Format 3x7 cm
- Papier autocollant premium holographique brillant
","1,35 €","2,70 €"
Sticker Citation Holographique,https://cdn.shopify.com/s/files/1/0888/4853/1787/files/il_fullxfull.4770126922_69l9.jpg?v=1733516872,"Sticker ""Oh Putain"" Holographique","- Format 2x6 cm
- Papier autocollant premium holographique brillant
","1,35 €","2,70 €"
Sticker Solo,https://cdn.shopify.com/s/files/1/0888/4853/1787/files/audecreativestuff_sticker_ordinateur_journal_gourde_mignon_nuage.jpg?v=1737060495,Sticker Kawaii Nuage Fuschia,"- Format 5x3 cm
- Papier autocollant premium brillant
","1,35 €","2,70 €"
Sticker Solo,https://cdn.shopify.com/s/files/1/0888/4853/1787/files/audecreativestuff_sticker_ordinateur_journal_gourde_mignon_planete.jpg?v=1737060529,Sticker Kawaii Planète Fuschia,"- Format 5x3 cm
- Papier autocollant premium brillant
","1,35 €","2,70 €"
Sticker Solo,https://cdn.shopify.com/s/files/1/0888/4853/1787/files/audecreativestuff_sticker_ordinateur_journal_gourde_mignon_lune.jpg?v=1737060475,Sticker Kawaii Lune Fuschia,"- Format 3x5 cm
- Papier autocollant premium brillant
","1,35 €","2,70 €"
Sticker Solo,https://cdn.shopify.com/s/files/1/0888/4853/1787/files/audecreativestuff_sticker_ordinateur_journal_gourde_mignon_nuage.jpg?v=1737060495,Sticker Kawaii Nuage Pastel,"- Format 5x3 cm
- Papier autocollant premium brillant
","1,35 €","2,70 €"
Sticker Solo,https://cdn.shopify.com/s/files/1/0888/4853/1787/files/audecreativestuff_sticker_ordinateur_journal_gourde_mignon_planete.jpg?v=1737060529,Sticker Kawaii Planète Pastel,"- Format 5x3 cm
- Papier autocollant premium brillant
","1,35 €","2,70 €"
Sticker Solo,https://cdn.shopify.com/s/files/1/0888/4853/1787/files/audecreativestuff_sticker_ordinateur_journal_gourde_mignon_lune.jpg?v=1737060475,Sticker Kawaii Lune Pastel,"- Format 3x5 cm
- Papier autocollant premium brillant
","1,35 €","2,70 €"
Stickers Journaling,https://cdn.shopify.com/s/files/1/0888/4853/1787/files/stickers-journaling-ete-90spoolside2.jpg?v=1750360475,Stickers Journaling Thème Été 90s Summer Pool,"- Format 10x15 (A6)
- 21 stickers de différentes dimensions
- Papier autocollant premium mat","2,00 €","4,00 €"
Stickers Journaling,https://cdn.shopify.com/s/files/1/0888/4853/1787/files/stickers-journaling-washi-tape-90swavywaters2.jpg?v=1750361017,"Stickers Style Washi Tape, Motif 90s Wavy Waters ","- Format 15x21 (A5)
- 8 stickers de 1,5x13 cm
- Papier autocollant mat","3,00 €","6,00 €"
Stickers Journaling,https://cdn.shopify.com/s/files/1/0888/4853/1787/files/stickers-journaling-washi-tape-ete-90spoolside5_b1be6b87-0e39-452f-8ee0-49e52c61cddc.jpg?v=1750361064,Stickers Style Washi Tape Motif 90s Pool Side,"- Format 15x21 (A5)
- 8 stickers de 1,5x13 cm
- Papier autocollant mat","3,00 €","6,00 €"
Stickers Journaling,https://cdn.shopify.com/s/files/1/0888/4853/1787/files/audecreativestuff_stickersheet_journal_decoration_personnalisation_washitape_mignon_kawaii_aesthetic_rainbow_constellations_04.jpg?v=1744833759,Stickers Style Washi Tape Motif Arc en Ciel Constellation,"- Format 15x21 (A5)
- 8 stickers de 1,5x13 cm
- Papier autocollant mat","3,00 €","6,00 €"
Stickers Journaling,https://cdn.shopify.com/s/files/1/0888/4853/1787/files/feuille-autocollants-mignons-motif-vichy-washi-tape-pour-bullet-journal_02.jpg?v=1744319526,Stickers Style Washi Tape Motif Vichy,"- Format 15x21 (A5)
- 8 stickers de 1,5x13 cm
- Papier autocollant mat","3,00 €","6,00 €"
Stickers Journaling,https://cdn.shopify.com/s/files/1/0888/4853/1787/files/feuille-autocollants-mignons-fleuris-washi-tape-pour-bullet-journal_01.jpg?v=1744296374,Stickers Style Washi Tape Motif Fleuri,"- Format 15x21 (A5)
- 8 stickers de 1,5x13 cm
- Papier autocollant mat","3,00 €","6,00 €"
Stickers Journaling,https://cdn.shopify.com/s/files/1/0888/4853/1787/files/feuille-autocollants-mignons-grenouille-washi-tape-pour-bullet-journal_02.jpg?v=1744319514,Stickers Style Washi Tape Motif Grenouilles,"- Format 15x21 (A5)
- 8 stickers de 1,5x13 cm
- Papier autocollant mat","3,00 €","6,00 €"
Stickers Journaling,https://cdn.shopify.com/s/files/1/0888/4853/1787/files/il_fullxfull.4775304526_9ajr.jpg?v=1733516939,Stickers Style Washi Tape Motif Arc-en-Ciel Etoilé,"- Format 15x21 (A5)
- 8 stickers de 1,5x13 cm
- Papier autocollant mat","3,00 €","6,00 €"
Stickers Journaling,https://cdn.shopify.com/s/files/1/0888/4853/1787/files/il_fullxfull.4823537125_knd6.jpg?v=1733516932,Stickers Style Washi Tape Motif Rêverie Nuages,"- Format 15x21 (A5)
- 8 stickers de 1,5x13 cm
- Papier autocollant mat","3,00 €","6,00 €"
Stickers Journaling,https://cdn.shopify.com/s/files/1/0888/4853/1787/files/audecreativestuff_feuille_autocollants_noel_journaling_02.jpg?v=1737061222,"Lot de 2 Planches Stickers Journaling Thème Noël, version mini","- Lot de 2 planches d'autocollants
- Format 10x15 cm (A6)
- Plus de 40 stickers de différentes dimensions
- Papier autocollant mat","2,45 €","4,90 €"
Stickers Journaling,https://cdn.shopify.com/s/files/1/0888/4853/1787/files/audecreativestuff_feuille_autocollants_noel_journaling_02.jpg?v=1737061222,"Lot de 2 Planches Stickers Journaling Thème Noël, version standard","- Lot de 2 planches d'autocollants
- Format 10x15 cm (A6)
- Plus de 20 stickers de différentes dimensions
- Papier autocollant mat","2,45 €","4,90 €"
Stickers Journaling,https://cdn.shopify.com/s/files/1/0888/4853/1787/files/il_fullxfull.6005324632_extc.jpg?v=1733516977,Stickers Journaling Thème Rêverie,"- Format 10x15 (A6)
- 8 stickers de 1,5x13 cm
- Papier autocollant mat","2,00 €","4,00 €"
Stickers Journaling,https://cdn.shopify.com/s/files/1/0888/4853/1787/files/il_fullxfull.5880433580_jvmg.jpg?v=1733516964,Stickers Journaling Thème Fête des Mères,"- Format 10x15 (A6)
- 13+ stickers de différentes dimensions
- Papier autocollant mat","2,00 €","4,00 €"
Stickers Journaling,https://cdn.shopify.com/s/files/1/0888/4853/1787/files/il_fullxfull.5787403099_834k.jpg?v=1733516957,Stickers Journaling Thème Hiver ,"- Format 10x15 (A6)
- 14+ stickers de différentes dimensions
- Papier autocollant mat","2,00 €","4,00 €"
Stickers Journaling,https://cdn.shopify.com/s/files/1/0888/4853/1787/files/il_fullxfull.6332969592_5wtz.jpg?v=1733516944,Stickers Journaling Thème Halloween Kawaii,"- Format 10x15 (A6)
- 19+ stickers de différentes dimensions
- Papier autocollant mat","2,00 €","4,00 €"
Stickers Journaling,https://cdn.shopify.com/s/files/1/0888/4853/1787/files/il_fullxfull.5846443313_6i7j.jpg?v=1733516929,Stickers Journaling Thème Printemps Grenouilles,"- Format 10x15 (A6)
- 20+ stickers de différentes dimensions
- Papier autocollant mat","2,00 €","4,00 €"
Stickers Journaling,https://cdn.shopify.com/s/files/1/0888/4853/1787/files/il_fullxfull.5880439712_4oum.jpg?v=1733516926,Stickers Journaling Thème Printemps Fleuri,"- Format 10x15 (A6)
- 25+ stickers de différentes dimensions
- Papier autocollant mat","2,00 €","4,00 €"
Stickers Journaling,https://cdn.shopify.com/s/files/1/0888/4853/1787/files/il_fullxfull.5846476903_a8ey.jpg?v=1733516923,"Stickers Journaling Thème Printemps ""Jolies Feuilles""","- Format 8x8 cm
- 8+ stickers de différentes dimensions
- Papier autocollant mat","1,95 €","3,90 €"
Stickers Journaling,https://cdn.shopify.com/s/files/1/0888/4853/1787/files/il_fullxfull.6287519908_rs0y.jpg?v=1733516910,Stickers Journaling Thème Activités Artistiques,"- Format 10x15 (A6)
- 10+ stickers de différentes dimensions
- Papier autocollant mat","2,00 €","4,00 €"
Stickers Journaling,https://cdn.shopify.com/s/files/1/0888/4853/1787/files/il_fullxfull.6455555801_5nti.jpg?v=1733516903,Stickers Journaling Thème Forêt d'Automne,"- Format 10x15 (A6)
- 14+ stickers de différentes dimensions
- Papier autocollant mat","2,00 €","4,00 €"
Stickers Journaling,https://cdn.shopify.com/s/files/1/0888/4853/1787/files/il_fullxfull.4800665983_eot0.jpg?v=1733516897,"Stickers Journaling Thème Céleste Planètes, Lunes et Nuages","- Format 15x21 (A5)
- 26 stickers de différentes dimensions
- Papier autocollant mat","3,00 €","6,00 €"
Stickers Journaling,https://cdn.shopify.com/s/files/1/0888/4853/1787/files/il_fullxfull.6056011837_7dl5.jpg?v=1733516892,Stickers Journaling Thème Années 90,"- Format 10x15 (A6)
- 20+ stickers de différentes dimensions
- Papier autocollant mat","2,00 €","4,00 €"
Stickers Journaling,https://cdn.shopify.com/s/files/1/0888/4853/1787/files/il_fullxfull.5860075828_g1lt.jpg?v=1733516886,"Stickers Journaling Thème Printanier ""Jardin ""","- Format 10x15 (A6)
- 14+ stickers de différentes dimensions
- Papier autocollant mat","2,00 €","4,00 €"
,,,,,
,,,,,
,,,,,
,,,,,
,,,,,
,,,,,
,,,,,
,,,,,
,,,,,
,,,,,
,,,,,
,,,,,
,,,,,
,,,,,
,,,,,
,,,,,
,,,,,
,,,,,
,,,,,
,,,,,
,,,,,
,,,,,
,,,,,
,,,,,
,,,,,
,,,,,
,,,,,
,,,,,
,,,,,
,,,,,
,,,,,
,,,,,
,,,,,
,,,,,
,,,,,
,,,,,
,,,,,
,,,,,
,,,,,
,,,,,
,,,,,
,,,,,
,,,,,
,,,,,
,,,,,
,,,,,
,,,,,
,,,,,
,,,,,
,,,,,
,,,,,
,,,,,
,,,,,
,,,,,
,,,,,
,,,,,
,,,,,
,,,,,
,,,,,
,,,,,
,,,,,
,,,,,
,,,,,
,,,,,
,,,,,
,,,,,
,,,,,
,,,,,
,,,,,
,,,,,
,,,,,
,,,,,
,,,,,
,,,,,
,,,,,
,,,,,
,,,,,
,,,,,
,,,,,
,,,,,
,,,,,
,,,,,
,,,,,
,,,,,
,,,,,
,,,,,
,,,,,
,,,,,
,,,,,
,,,,,
,,,,,
,,,,,
,,,,,
,,,,,
,,,,,
,,,,,
,,,,,
,,,,,
,,,,,
,,,,,4.90
,,,,,
,,,,,
,,,,,
,,,,,
,,,,,
,,,,,
,,,,,
,,,,,
,,,,,
,,,,,
,,,,,
,,,,,
,,,,,
,,,,,
,,,,,
,,,,,
,,,,,
,,,,,
,,,,,
,,,,,
,,,,,
,,,,,
,,,,,
,,,,,
,,,,,
,,,,,
,,,,,
,,,,,
,,,,,
,,,,,
,,,,,
,,,,,
,,,,,
,,,,,
,,,,,
,,,,,
,,,,,
,,,,,
,,,,,
,,,,,
,,,,,
,,,,,2.70
,,,,,
,,,,,
,,,,,
,,,,,
,,,,,
,,,,,
,,,,,
,,,,,
,,,,,2.70
,,,,,
,,,,,
,,,,,
,,,,,
,,,,,
,,,,,2.70
,,,,,
,,,,,
,,,,,
,,,,,
,,,,,
,,,,,
,,,,,
,,,,,
,,,,,
,,,,,
,,,,,
,,,,,
,,,,,
,,,,,
,,,,,
,,,,,
,,,,,
,,,,,
,,,,,
,,,,,
,,,,,
,,,,,
,,,,,
,,,,,
,,,,,
,,,,,
,,,,,
,,,,,
,,,,,
,,,,,
,,,,,
,,,,,
,,,,,
,,,,,
,,,,,
,,,,,
,,,,,
,,,,,
,,,,,
,,,,,
,,,,,
,,,,,
,,,,,
,,,,,
,,,,,
,,,,,
,,,,,4.90
,,,,,4.90
,,,,,4.90
,,,,,4.90